"Sr. No.","State","Hon'ble Members of Parliaments","Constituency","Allocated AMOUNT ( ₹ )"
"1","Tamil Nadu","A Chellakumar","KRISHNAGIRI","98063957.11"
"2","Tamil Nadu","A Ganeshamurthi(17th Lok Sabha)","ERODE","98063957.11"
"3","Kerala","Abdul Majeed Ariff","ALAPPUZHA","98063957.11"
"4","West Bengal","Abu Taher Khan(17th Lok Sabha)","MURSHIDABAD","220563957.11"
"5","Odisha","Achyutananda Samanta(17th Lok Sabha)","KANDHAMAL","29851533"
"6","Andhra Pradesh","Adala Reddy","NELLORE(SC)","117663957.11"
"7","West Bengal","Adhir Ranjan Chowdhury (17th Lok Sabha)","BAHARAMPUR","220563957.11"
"8","Kerala","Adv Adoor Prakash (17th Lok Sabha)","ATTINGAL","98063957.11"
"9","Kerala","Adv Dean Kuriakose (17th Lok Sabha)","IDUKKI","98063957.11"
"10","Uttar Pradesh","Afzal Ansari(17th Lok Sabha)","GHAZIPUR","16207021.37"
"11","Uttarakhand","Ajay Bhatt","NAINITAL UDHAM SINGH NAG.","98063957.11"
"12","Bihar","Ajay Kumar Mandal","BHAGALPUR","98063957.11"
"13","Bihar","Ajay Nishad","MUZAFFARPUR","49063957.11"
"14","Uttarakhand","Ajay Tamta","ALMORA(SC)","171563957.11"
"15","Tamil Nadu","AKP Chinraj(17th Lok Sabha)","NAMAKKAL","90920938"
"16","Uttar Pradesh","Akshaibar Lal","BAHRAICH(SC)","98063957.11"
"17","Bihar","Alok Kumar Suman","GOPALGANJ (SC)","73563957.11"
"18","Gujarat","Amit Shah (Ex 17 Lok Sabha)","GANDHINAGAR","73500000"
"19","Maharashtra","Amol Ramsing Kolhe(17th Lok Sabha)","SHIRUR","98063957.11"
"20","Karnataka","Anantkumar Hegde","UTTARA KANNADA","52344136.63"
"21","Tamil Nadu","Andimuthu Raja(17th Lok Sabha)","NILGIRIS(SC)","98063957.11"
"22","Karnataka","Annasaheb Shankar Jolle","CHIKKODI","98063957.11"
"23","Jharkhand","Annpurna Devi","KODARMA","86670011"
"24","Kerala","Anto Antony(17th Lok Sabha)","PATHANAMTHITTA","98063957.11"
"25","Odisha","Anubhav Mohanty(17th Lok Sabha)","KENDRAPARA","98067767.11"
"26","Telangana","Anumula Revanth Reddy(17th Lok Sabha)","MALKAJGIRI","24857914"
"27","Uttar Pradesh","Anurag Sharma","JHANSI","98063957.11"
"28","Himachal Pradesh","Anurag Singh Thakur","HAMIRPUR_HP","95493840"
"29","West Bengal","Aparupa Poddar","ARAMBAG(SC)","73563957.11"
"30","Rajasthan","Arjunlal Meena(17th Lok Sabha)","UDAIPUR(ST)","98063957.11"
"31","Chhattisgarh","Arun Sao","BILASPUR","73500000"
"32","Telangana","Arvind Dharmapuri(17th Lok Sabha)","NIZAMABAD",""
"33","Maharashtra","Arvind Ganpat Sawant(17th Lok Sabha)","MUMBAI SOUTH","98063957.11"
"34","Haryana","Arvind Kumar Sharma(17TH Lok Sabha)","ROHTAK","117663957.11"
"35","Telangana","Asaduddin Owaisi(17th Lok Sabha)","HYDERABAD","155140949.11"
"36","Uttar Pradesh","Ashok Kumar Rawat(17TH Lok Sabha)","MISRIKH(SC)","73563957.11"
"37","Bihar","Ashok Kumar Yadav","MADHUBANI","73563957.11"
"38","Maharashtra","Ashok Mahadeorao Nete","GADCHIROLI-CHIMUR(ST)","73563957.11"
"39","Bihar","Ashwini Kumar Choubey","BUXAR","58233867"
"40","West Bengal","Asit Kumar Mal (17th Lok Sabha)","BOLPUR(SC)","71083914"
"41","Uttar Pradesh","Atul Kumar Singh(17th Lok Sabha)","GHOSI","98063957.11"
"42","Karnataka","Bache BN Gowda(17th Lok Sabha)","CHIKBALLAPUR","73563957.11"
"43","Andhra Pradesh","Balashowry Vallabbhaneni","MACHILIPATNAM","98063957.11"
"44","Odisha","Basanta Kumar Panda(17th Lok Sabha)","KALAHANDI","98063957.11"
"45","Andhra Pradesh","Beesetti Venkata Satyavathi","ANAKAPALLE","92036294"
"46","Rajasthan","Bhagirath Chaudhary(17th Lok Sabha)","AJMER","98063957.11"
"47","Karnataka","Bhagwanth Khuba","BIDAR","73563957.11"
"48","Uttar Pradesh","Bhanu Pratap Singh Verma(17th Lok Sabha)","JALAUN(SC)","98438762.11"
"49","Gujarat","Bharatiben Dhirubhai Shyal","BHAVNAGAR","98063957.11"
"50","Gujarat","Bharatsinhji Shankarji Dabhi","PATAN","73563957.11"
"51","Maharashtra","Bharti Pravin Pawar(17th Lok Sabha)","DINDORI(ST)","98063957.11"
"52","Telangana","Bheemrao Baswanthrao Patil","ZAHIRABAD","123156984.11"
"53","Uttar Pradesh","Bhola Singh(17th Lok Sabha)","BULANDSHAHR(SC)","73850844.36"
"54","Jharkhand","Bidyut Baran Mahato","JAMSHEDPUR","73563957.11"
"55","Odisha","Bishweswar Tudu(17th Lok Sabha)","MAYURBHANJ (ST)","73000000"
"56","Uttar Pradesh","BP Saroj Bholanath","MACHHLISHAHR(SC)","49574975.11"
"57","Uttar Pradesh","Brijbhushan Sharan Singh(17th Lok Sabha)","KAISERGANJ","73563957.11"
"58","Haryana","Brijendra Singh","HISAR","98063957.11"
"59","Mizoram","C Lalrosanga(17th Lok Sabha)","MIZORAM (ST)","73563957.11"
"60","Gujarat","C R Patil","NAVSARI","68879825"
"61","Bihar","Chandan Singh","NAWADA","117663957.11"
"62","Bihar","Chandeshwar Prasad","JAHANABAD","98063957.11"
"63","Rajasthan","Chandra Prakash Joshi(17th Lok Sabha)","CHITTORGARH","98229959.11"
"64","Andhra Pradesh","Chandra Sekhar Bellana","VIZIANAGARAM","112429587.11"
"65","Bihar","Chaudhary Mehboob Ali Kaiser","KHAGARIA","49063957.11"
"66","Madhya Pradesh","Chhatar Singh Darbar(17th Lok Sabha)","DHAR(ST)","75559466.11"
"67","Bihar","Chhedi Paswan","SASARAM(SC)","49063957.11"
"68","Bihar","Chirag Paswan","JAMUI(SC)","59479920"
"69","Chhattisgarh","Chunni lal Sahu","MAHASAMUND","49563957.11"
"70","Tamil Nadu","CN Annadurai(17TH Lok Sabha)","TIRUVANNAMALAI","48191981"
"71","Tamil Nadu","D M Kathir Anand (17th Lok Sabha)","VELLORE","69885601"
"72","Tamil Nadu","D Ravikumar","VILUPPURAM(SC)","72417768"
"73","Telangana","Dayakar Pasunoori(17th Lok Sabha)","WARANGEL(SC)","106908056.11"
"74","Chhattisgarh","Deepak Baij","BASTAR(ST)","73563957.11"
"75","Uttar Pradesh","Devendra Alias Bhole Singh(17th Lok Sabha)","AKBARPUR","76530281.23"
"76","Rajasthan","Devji Mansingram Patel(17th Lok Sabha)","JALORE","73563957.11"
"77","Gujarat","Devusinh Jesingbhai Chauhan","KHEDA","98063957.11"
"78","Maharashtra","Dhairyasheel Sambhajirao Mane(17th Lok Sabha)","HATKANANGLE","107321516.78999999"
"79","Madhya Pradesh","Dhal Singh Bisen","BALAGHAT","48992666.9"
"80","Tamil Nadu","Dhanush M Kumar(17th Lok Sabha)","TENKASI(SC)","112718252"
"81","Uttar Pradesh","Dharmendra Kumar Kashyap(17th Lok Sabha)","AONLA","75587171.07"
"82","Bihar","Dileshwar Kamait","SUPAUL","55691994"
"83","Assam","Dilip Saikia","Darrang-Udalguri","73563957.11"
"84","Bihar","Dinesh Chandra Yadav","MADHEPURA","114593091"
"85","Uttar Pradesh","Dinesh Lal Yadav (17th Lok Sabha)","AZAMGARH","51574427.28"
"86","Gujarat","Dipsinh Shankarsinh Rathod","SABARKANTHA","73563957.11"
"87","Tamil Nadu","Dnv Senthilkumar S(17th Lok Sabha)","DHARAMAPURI","96844975"
"88","Karnataka","Doddaalahalli Kempegowda Suresh","BANGALORE RURAL","98063957.11"
"89","Uttar Pradesh","Dr Chandra Sen Jadon (17th Lok Sabha)","FIROZABAD","49063957.11"
"90","Delhi","Dr Harsh Vardhan (17th Lok Sabha)","CHANDINI CHOWK","142163957.11"
"91","West Bengal","Dr Jayanta Kumar Roy (17th Lok Sabha)","JALPAIGURI(SC)","117663957.11"
"92","Gujarat","Dr K C Patel (17th Lok Sabha)","VALSAD(ST)","98063957.11"
"93","West Bengal","Dr Kakoli Ghosh Dastidar","BARASAT","73563957.11"
"94","Gujarat","Dr Mahendrabhai Munjapara (17th Lok Sabha)","SURENDRANAGAR","98063957.11"
"95","Bihar","Dr Mohammad Jawed (17th Lok Sabha)","KISHANGANJ","96394728"
"96","Andhra Pradesh","Dr Sanjeev Kumar Singari (17th Lok Sabha)","KURNOOL","114656032"
"97","Kerala","Dr Shashi Tharoor (17th Lok Sabha)","THIRUVANANTHAPURAM","98063957.11"
"98","West Bengal","Dr Sukanta Majumdar (17th Lok Sabha)","BALURGHAT","73563957.11"
"99","Karnataka","Dr Umesh G Jadhav (17th Lok Sabha)","GULBARGA(SC)","142163957.11"
"100","Uttar Pradesh","Dr. Vijay Kumar Singh  (Retd) General","GHAZIABAD","73563957.46"
"101","Madhya Pradesh","Durga Das Uikey","BETUL(ST)","63300030"
"102","Rajasthan","Dushyant Singh(17th Lok Sabha)","JHALAWAR-BARAN","133983166.11"
"103","Kerala","E T Mohammed Basheer(17th Lok Sabha)","PONNANI","99662238"
"104","Madhya Pradesh","Faggan Singh Kulaste(17th Lok Sabha)","MANDLA(ST)","71659644"
"105","Lakshadweep","Faizal PP Mohammed(17th Lok Sabha)","LAKSHADWEEP(ST)","199841805.70000002"
"106","Uttar Pradesh","Feroze Varun Gandhi","PILIBHIT","73563957.11"
"107","Goa","Francisco Cosme Sardinha","SOUTH GOA","98063957.11"
"108","Telangana","Gaddam Ranjith Reddy(17th Lok Sabha)","CHELVELLA","107153791"
"109","Madhya Pradesh","Gajendra Singh Patel(17th Lok Sabha)","KHARGONE(ST)","104777580.18"
"110","Rajasthan","Gajendra Singh Shekhawat(17th Lok Sabha)","JODHPUR","147063957.11"
"111","Tamil Nadu","Ganesan Selvam(17th Lok Sabha)","KANCHEEPURAM(SC)","70362000"
"112","Madhya Pradesh","Ganesh Singh(17th Lok Sabha)","SATNA","73563957.11"
"113","Assam","Gaurav Gogoi","Kaziranga","49063957.11"
"114","Delhi","Gautam Gambhir (17th Lok Sabha)","EAST DELHI","98063957.11"
"115","Jharkhand","Geeta Kora(17th Lok Sabha)","SINGHBHUM(ST)","98063957.11"
"116","Uttar Pradesh","Ghanshyam Singh Lodhi(17th Lok Sabha)","RAMPUR","49063957.11"
"117","Bihar","Giridhari Yadav","BANKA","73563957.11"
"118","Bihar","Giriraj Singh","BEGUSARAI","98063957.11"
"119","Maharashtra","Girish Bhalchandra Bapat (Ex 17 Lok Sabha)","PUNE","49432826"
"120","Uttar Pradesh","Girish Chandra(17th Lok Sabha)","NAGINA(SC)","77365126.11"
"121","Andhra Pradesh","Goddeti Madhavi","ARAKU(ST)","97965817"
"122","Karnataka","Gowdar Mallikarjunappa Siddeshwara","DAVANAGERE","51299837.11"
"123","Chhattisgarh","Guharam Ajgalley","JANJGIR CHAMPA(SC)","48710679"
"124","Madhya Pradesh","Guman Singh Damor","RATLAM(ST)","77166388.17"
"125","Madhya Pradesh","Gyaneshwar Patil(17th Lok Sabha)","KHANDWA","69756360"
"126","Delhi","Hans Raj Hans (17th Lok Sabha)","NORTH WEST DELHI(SC)","117663957.11"
"127","Gujarat","Hasmukh Bhai Soma Bhai Patel","AHMEDABAD EAST","73563957.11"
"128","Jammu And Kashmir","Hasnain Masoodi","ANANTNAG","98063957.11"
"129","Maharashtra","Heena Vijaykumar Gavit(17th Lok Sabha)","NANDURBAR(ST)","97247648"
"130","Maharashtra","Hemant Shriram Patil","HINGOLI","98063957.11"
"131","Maharashtra","Hemant Tukaram Godse(17th Lok Sabha)","NASHIK","92185275"
"132","Assam","Horen Sing Bey","Diphu (ST)","98063957.11"
"133","Sikkim","Indra Hang Subba","SIKKIM","93060034"
"134","West Bengal","Jagannath Sarkar(17th Lok Sabha)","RANAGHAT(SC)","73563957.11"
"135","Uttar Pradesh","Jagdambika Pal(17th Lok Sabha)","DOMARIYAGANJ","84420000"
"136","Uttar Pradesh","Jai Prakash(17th Lok Sabha)","HARDOI (SC)","73563957.11"
"137","Maharashtra","Jaisidheshwar Shivachary Mahaswamiji","SOLAPUR(SC)","117663957.11"
"138","Madhya Pradesh","Janardan Mishra(17th Lok Sabha)","REWA","73563957.11"
"139","Gujarat","Jaswantsinh Sumanbhai Bhabhor","DAHOD(ST)","98063957.11"
"140","Andhra Pradesh","Jayadev Galla","GUNTUR","107116748"
"141","Jammu And Kashmir","Jitendra Singh","UDHAMPUR","73563957.11"
"142","West Bengal","John Barla","ALIPURDUARS(ST)","98063957.11"
"143","Chhattisgarh","Jyotsna Charandas Mahant","KORBA","47991858"
"144","Tamil Nadu","K Jayakumar(17th Lok Sabha)","TIRUVALLUR(SC)","117663957.11"
"145","Tamil Nadu","K Shanmuga Sundaram(17th Lok Sabha)","POLLACHI","97880087"
"146","Tamil Nadu","K Subbarayan(17th Lok Sabha)","TIRUPPUR","98063957.11"
"147","Rajasthan","Kailash Choudhary(17th Lok Sabha)","BARMER","73563957.11"
"148","Tamil Nadu","Kalanidhi Veeraswamy (17th Lok Sabha)","CHENNAI NORTH","117663957.11"
"149","West Bengal","Kalyan Banerjee (17th Lok Sabha)","SREERAMPUR","73563957.11"
"150","Uttar Pradesh","Kamlesh Paswan(17th Lok Sabha)","BANSGAON(SC)","77497697.3"
"151","Rajasthan","Kanakmal Katara(17th Lok Sabha)","BANSWARA(ST)","73563957.11"
"152","Tamil Nadu","Kani K Navas(17th Lok Sabha)","RAMANATHAPURAM","117663957.11"
"153","Tamil Nadu","Kanimozhi Karunanidhi","THOOTHUKKUDI","98063957.11"
"154","Maharashtra","Kapil Moreshwar Patil(17th Lok Sabha)","BHIWANDI","73563957.11"
"155","Uttar Pradesh","Kaushal Kishore","MOHANLALGANJ(SC)","49063957.11"
"156","Bihar","Kaushalendra Kumar","NALANDA","98063957.11"
"157","West Bengal","Khagen Murmu(17th Lok Sabha)","MALDAHA UTTAR","98063957.11"
"158","West Bengal","Khalilur Rahaman","JANGIPUR","196063957.11"
"159","Andhra Pradesh","Kinjarapu Ram Mohan Naidu","SRIKAKULAM","72315037"
"160","Arunachal Pradesh","Kiren Rijiju","ARUNACHAL WEST","98063957.11"
"161","Gujarat","Kirit Premjibhai Solanki(17th Lok Sabha)","AHMEDABAD WEST(SC)","60128992"
"162","Uttar Pradesh","Kirti Vardhan Singh(17th Lok Sabha)","GONDA","98063957.11"
"163","Himachal Pradesh","Kishan Kapoor","KANGRA","79124119"
"164","Telangana","Kishan Reddy Gangapuram(17th Lok Sabha)","SECUNDERABAD","127804716.11"
"165","Karnataka","Km Shobha Karandlaje (17th Lok Sabha)","UDUPI CHIKMAGALUR","98063957.11"
"166","Andhra Pradesh","Kotagiri Sridhar","ELURU","98063957.11"
"167","Telangana","Kotha Prabhakar Reddy(Ex 17th Lok Sabha)","MEDAK","98989127"
"168","Assam","Kripanath Mallah","KARIMGANJ (SC)","98063957.11"
"169","Haryana","Krishan Pal Gurjar","FARIDABAD","117663957.11"
"170","Madhya Pradesh","Krishna Pal Singh Yadav(17th Lok Sabha)","GUNA","98394360.59"
"171","Maharashtra","Krupal Balaji Tumane(17th Lok Sabha)","RAMTEK(SC)","98063957.11"
"172","Andaman And Nicobar Islands","Kuldeep Rai Sharma","ANDAMAN AND NICOBAR ISLANDS","128506978.11"
"173","Meghalaya","Kum Agatha K Sangma(17th Lok Sabha)","TURA","98063957.11"
"174","Uttar Pradesh","Kunwar Pushpendra Singh Chandel","HAMIRPUR_UP","98063957.11"
"175","Andhra Pradesh","Kuruva Gorantla Madhav","HINDUPUR","72319187"
"176","The Dadra And Nagar Haveli And Daman And Diu","Lalubhai B Patel (17th Lok Sabha)","DAMAN and DIU","0.10999999940395355"
"177","Andhra Pradesh","Lavu Sri Krishna Devarayalu","NARASARAOPET","80039023"
"178","Kerala","M P Abdussamad Samadani","MALAPPURAM","97686608"
"179","Tamil Nadu","M Selvaraj(17th Lok Sabha)","NAGAPATTINAM(SC)","73563957.11"
"180","Andhra Pradesh","Maddila Gurumoorthy","TIRUPATI(SC)","93882901.11"
"181","Andhra Pradesh","Magunta Sreenivasulu Reddy","ONGOLE","191163957.11"
"182","Bihar","Mahabali Singh","KARAKAT","73563957.11"
"183","Rajasthan","Mahant Balak Nath Yogi","ALWAR","49000000"
"184","Uttar Pradesh","Mahendra Nath Pandey(17th Lok Sabha)","CHANDAULI","75003556.04"
"185","Madhya Pradesh","Mahendra Singh Solanky(17th Lok Sabha)","DEWAS(SC)","82366740.16"
"186","Uttar Pradesh","Mahesh Sharma(17th Lok Sabha)","GAUTAM BUDDHA NAGAR","71747673"
"187","Uttarakhand","Mala Rajya Laxmi Shah","TEHRI GARHWAL","73563957.11"
"188","West Bengal","Mala Roy","KOLKATA DAKSHIN","73563957.11"
"189","Uttar Pradesh","Malook Nagar(17th Lok Sabha)","BIJNOR","98146253.11"
"190","Uttar Pradesh","Maneka Sanjay Gandhi","SULTANPUR","69332000"
"191","Tamil Nadu","Manickam Tagore B(17th Lok Sabha)","VIRUDHUNAGAR","98063957.11"
"192","Punjab","Manish Tewari(17th Lok Sabha)","ANANDPUR SAHIB","73563957.11"
"193","Telangana","Manne Srinivas Reddy(17th Lok Sabha)","MAHABUBNAGAR","122563957.11"
"194","Rajasthan","Manoj Rajoria(17th Lok Sabha)","KARAULI-DHOLPUR(SC)","142163957.11"
"195","Delhi","Manoj Tiwari (17th Lok Sabha)","NORTH EAST DELHI","98063957.11"
"196","Gujarat","Mansukhbhai Dhanjibhai Vasava","BHARUCH","73563957.11"
"197","Assam","Maulana Ajmal Badruddin","DHUBRI","49063957.11"
"198","Delhi","Meenakshi Lekhi (17th Lok Sabha)","NEW DELHI","98063957.11"
"199","Andhra Pradesh","Midhun Reddy","RAJAMPET","99184264"
"200","Gujarat","Mitesh Rameshbhai Bakabhai Patel","ANAND","73563957.11"
"201","Tamil Nadu","MK Vishnu Prasad(17th Lok Sabha)","ARANI","48968805"
"202","Jammu And Kashmir","Mohammad Akbar Lone","BARAMULLAH","65790485"
"203","Punjab","Mohammad Sadique(17th Lok Sabha)","FARIDKOT(SC)","70616907"
"204","Chhattisgarh","Mohan Mandavi","KANKER(ST)","72671372"
"205","Bihar","Mr Gopal Jee Thakur","DARBHANGA","117663957.11"
"206","Maharashtra","Ms Bhavana Gawali (Patil)(17th Lok Sabha)","YAVATMAL-WASHIM","117663957.11"
"207","Odisha","Ms Chandrani Murmu(17th Lok Sabha)","KEONJHAR(ST)","98063957.11"
"208","West Bengal","Ms Debasree Chaudhuri(17th Lok Sabha)","RAIGANJ","49063957.11"
"209","West Bengal","Ms Mahua Moitra(17th Lok Sabha)","KRISHNANAGAR","44264088"
"210","West Bengal","Ms Mimi Chakraborty (17th Lok Sabha)","JADAVPUR","73563957.11"
"211","West Bengal","Ms Nusrat Jahan Ruhi (17th Lok Sabha)","BASIRHAT","73563957.11"
"212","Tripura","Ms Pratima Bhoumik(17th Lok Sabha)","TRIPURA WEST","117663957.11"
"213","Uttar Pradesh","Mukesh Rajput(17th Lok Sabha)","FARRUKHABAD","73563957.11"
"214","Uttar Pradesh","Mulayam Singh Yadav (17LS)","MAINPURI",""
"215","Andhra Pradesh","MVVV Satyanarayana","VISAKHAPATNAM","104454196.11"
"216","Madhya Pradesh","Nakul K Nath","CHHINDWARA","73563957.11"
"217","Telangana","Nama Nageswara Rao(17th Lok Sabha)","KHAMMAM","123878257.11"
"218","Andhra Pradesh","Nandigam Suresh","BAPATLA","91364669"
"219","Gujarat","Naranbhai Bhikhabhai Kachhadiya","AMRELI","73563957.11"
"220","Karnataka","Narayana Swamy Abbaiah(17th Lok Sabha)","CHITRADURGA(SC)","98063957.11"
"221","Rajasthan","Narendra Kumar(17th Lok Sabha)","JHUNJHUNU","73563957.11"
"222","Madhya Pradesh","Narendra Singh Tomar(17th Lok Sabha)","MORENA","105203117.73"
"223","Haryana","Nayab Singh","KURUKSHETRA","73563957.11"
"224","Rajasthan","Nihal Chand Chauhan(17th Lok Sabha)","GANGANAGAR(SC)","102053062.21"
"225","Uttar Pradesh","Niranjan Jyoti(17th Lok Sabha)","FATEHPUR","78298240.11"
"226","West Bengal","Nisith Pramanik","COOCHBEHAR(SC)","51959316"
"227","Odisha","Nitesh Ganga Deb(17th Lok Sabha)","SAMBALPUR","147063957.11"
"228","Maharashtra","Nitin Jairam Gadkari(17th Lok Sabha)","NAGPUR","76868871"
"229","Bihar","Nityanand Rai (17th Lok Sabha)","UJJARPUR","98063957.11"
"230","Rajasthan","Om Birla(17th Lok Sabha)","KOTA","161649177.51000002"
"231","Maharashtra","Omprakash Bhupalsinh Alias Pawan Rajenimbalkar(17th Lok Sabha)","OSMANABAD","140608125"
"232","Karnataka","P C Mohan (17thLok Sabha)","BANGALORE CENTRAL","88308147"
"233","Tamil Nadu","P Raveendranath Kumar(17th Lok Sabha)","THENI","97490257"
"234","Tamil Nadu","P Velusamy(17th Lok Sabha)","DINDIGUL","98063957.11"
"235","Uttar Pradesh","Pakauri Lal(17th Lok Sabha)","ROBERTSGANJ(SC)","52559524.11"
"236","Assam","Pallab Lochan Das","Sonitpur","73563957.11"
"237","Uttar Pradesh","Pankaj Chaudhary(17th Lok Sabha)","MAHARAJGANJ_UP","73563957.11"
"238","Gujarat","Parbatbhai Savabhai Patel","BANASKANTHA","73563957.11"
"239","Karnataka","Parvatagouda Chandanagouda Gaddigoudar(17th Lok Sabha)","BAGALKOT","73313502"
"240","Delhi","Parvesh Sahib Singh (17th Lok Sabha)","WEST DELHI","117663957.11"
"241","Bihar","Pashupati Kumar Paras","HAJIPUR(SC)","73563957.11"
"242","Jharkhand","Pashupati Nath Singh","DHANBAD","73563957.11"
"243","Odisha","Pinaki Misra(17th Lok Sabha)","PURI","98063957.11"
"244","Andhra Pradesh","Pocha Brahmananda Reddy","NANDYAL","94388068"
"245","Tamil Nadu","PR Natarajan(17TH Lok Sabha)","COIMBATORE","97693467"
"246","Gujarat","Prabhubhai Nagarbhai Vasava","BARDOLI(ST)","98063957.11"
"247","Assam","Pradan Baruah","LAKHIMPUR","54415943.11"
"248","Uttar Pradesh","Pradeep Kumar Chaudhary(17th Lok Sabha)","KAIRANA","73563957.11"
"249","Bihar","Pradeep Kumar Singh","ARARIA","98063957.11"
"250","Assam","Pradyut Bordoloi","NOWGONG","49063957.11"
"251","Madhya Pradesh","Prahlad Singh Patel(17th Lok Sabha)","DAMOH","70194935"
"252","Karnataka","Prajwal Revanna(17th Lok Sabha)","HASSAN","98063957.11"
"253","Karnataka","Pralhad Venkatesh Joshi(17th Lok Sabha)","DHARWAD","98063957.11"
"254","West Bengal","Prasun Banerjee(17th Lok Sabha)","HOWRAH","98063957.11"
"255","Odisha","Pratap Chandra Sarangi","BALASORE","97999703"
"256","Maharashtra","Prataprao Govindrao Patil Chikhalikar(17th Lok Sabha)","NANDED","98063957.11"
"257","Maharashtra","Prataprao Jadhav(17th Lok Sabha)","BULDHANA","122486679.11"
"258","Karnataka","Prathap Simha(17th Lok Sabha)","MYSORE","49063957.11"
"259","West Bengal","Pratima Mondal","JOYNAGAR(SC)","73563957.11"
"260","Uttar Pradesh","Praveen Kumar Nishad(17th Lok Sabha)","SANT KABIR NAGAR","98063957.11"
"261","Maharashtra","Pritam Gopinath Munde(17th Lok Sabha)","BEED","115619310"
"262","Uttar Pradesh","Prof Ram Shankar Katheria(17th Lok Sabha)","ETAWAH(SC)","73563957.11"
"263","Uttar Pradesh","Prof Rita Bahuguna Joshi(17th Lok Sabha)","ALLAHABAD","77036237.11"
"264","West Bengal","Prof Saugata Roy (17th Lok Sabha)","DUM DUM","73563957.11"
"265","Uttar Pradesh","Prof SP Singh Baghel (17th Lok Sabha)","AGRA(SC)","49063957.11"
"266","Assam","Queen Oja","GUWAHATI","73563957.11"
"267","Bihar","Radha Mohan Singh","PURVI CHAMPARAN","98063957.11"
"268","Andhra Pradesh","Raghu Ramakrishna Raju Kanumuru","NARASAPURAM","117859476"
"269","Kerala","Rahul Gandhi (17th Lok Sabha)","WAYANAD","98063957.11"
"270","Rajasthan","Rahul Kaswan(17th Lok Sabha)","CHURU","112545101.24"
"271","Maharashtra","Rahul Ramesh Shewale (17th Lok Sabha)","MUMBAI SOUTH CENTRAL","98063957.11"
"272","Bihar","Raj Kumar Singh","ARRAH","142163957.11"
"273","Karnataka","Raja Amareshwara Naik(17th Lok Sabha)","RAICHUR(ST)","98063957.11"
"274","Maharashtra","Rajan Baburao Vichare(17th Lok Sabha)","THANE","98063957.11"
"275","Madhya Pradesh","Rajbahadur Singh(17th Lok Sabha)","SAGAR","105229362.41"
"276","Assam","Rajdeep Roy","SILCHAR","47763800"
"277","Maharashtra","Rajendra Dhedya Gavit(17th Lok Sabha)","PALGHAR(ST)","104948163"
"278","Uttar Pradesh","Rajesh Verma","SITAPUR","73563957.11"
"279","Bihar","Rajiv Pratap Rudy","SARAN","289163957.11"
"280","Bihar","Rajiv Ranjan (Lalan) Singh","MUNGER","142980267.65"
"281","Uttar Pradesh","Rajkumar Chahar (17th Lok Sabha)","FATEHPUR SIKRI","49063957.11"
"282","Uttar Pradesh","Rajnath Singh(17th Lok Sabha)","LUCKNOW","41255160"
"283","West Bengal","Raju Bista(17th Lok Sabha)","DARJEELING","98063957.11"
"284","Uttar Pradesh","Rajveer Raju Bhaiya Singh","ETAH","73563957.11"
"285","Uttar Pradesh","Rajvir Diler","HATHRAS (SC)","73563957.11"
"286","Rajasthan","Rajyavardhan Singh Rathore(17th Lok Sabha)","JAIPUR RURAL","117600000"
"287","Madhya Pradesh","Rakesh Singh(17th Lok Sabha)","JABALPUR","148864447.91"
"288","Bihar","Ram Kripal Yadav","PATALIPUTRA","117663957.11"
"289","Uttar Pradesh","Ram Shiromani(17th Lok Sabha)","SHRAWASTI","112917079"
"290","Madhya Pradesh","Ramakant Bhargava(17th Lok Sabha)","VIDISHA","103960461.03999999"
"291","Uttar Pradesh","Ramapati Ram Tripathi(17th Lok Sabha)","DEORIA","73563957.11"
"292","Rajasthan","Ramcharan Bohra(17th Lok Sabha)","JAIPUR","77981056"
"293","Maharashtra","Ramdas Chandrabhanji Tadas(17th Lok Sabha)","WARDHA","73563957.11"
"294","Delhi","Ramesh Bidhuri (17th Lok Sabha)","SOUTH DELHI","98063957.11"
"295","Uttar Pradesh","Ramesh Chand Bind(17th Lok Sabha)","BHADOHI","73563957.11"
"296","Karnataka","Ramesh Chandappa Jigajinagi(17th Lok Sabha)","BIJAPUR(SC)","117663957.11"
"297","Haryana","Ramesh Chander Kaushik","SONEPAT","73563957.11"
"298","Odisha","Ramesh Chandra Majhi(17th Lok Sabha)","NABARANGPUR(ST)","73149995"
"299","Uttarakhand","Ramesh Pokhriyal Nishank(17th Lok Sabha)","HARDWAR","103792670.12"
"300","Bihar","Ramprit Mandal","JHANJHARPUR","49063957.11"
"301","Telangana","Ramulu Pothuganti(17th Lok Sabha)","NAGARKURNOOL(SC)","77004049.38"
"302","Manipur","Ranjan Singh Rajkumar(17th Lok Sabha)","INNER MANIPUR","98063957.11"
"303","Maharashtra","Ranjeetsinha Hindurao Naik Nimbalkar","MADHA","80095000"
"304","Haryana","Rao Inderjit Singh","GURGAON","98063957.11"
"305","Maharashtra","Raosaheb Patil Danve","JALNA","117663957.11"
"306","Gujarat","Ratansinh Magansinh Rathod","PANCHMAHAL","98063957.11"
"307","Haryana","Rattan Lal Kataria","AMBALA (SC)",""
"308","Bihar","Ravi Shankar Prasad","PATNA SAHIB","117663957.11"
"309","Uttar Pradesh","Ravindra Kushawaha(17th Lok Sabha)","SALEMPUR","96981228"
"310","Uttar Pradesh","Ravindra Shyamnarayan Alias Ravi Kishan Shukla(17th Lok Sabha)","GORAKHPUR","79805328.71"
"311","Punjab","Ravneet Singh(17th Lok Sabha)","LUDHIANA","98063957.11"
"312","Tripura","Rebati Tripura","TRIPURA EAST(ST)","98063957.11"
"313","Uttar Pradesh","RK Singh Patel(17th Lok Sabha)","BANDA","73563957.11"
"314","Madhya Pradesh","Rodmal Nagar","RAJGARH","74633248.11"
"315","Tamil Nadu","S Gnanathiraviam(17th Lok Sabha)","TIRUNELVELI","97588517"
"316","Karnataka","S Muniswamy(17th Lok Sabha)","KOLAR(SC)","97998000"
"317","Tamil Nadu","S Ramalingam","MAYILADUTHURAI","117403090"
"318","Tamil Nadu","S Venkatesan(17th Lok Sabha)","MADURAI","117663957.11"
"319","Tamil Nadu","S. Jagathrakshakan","ARAKKONAM","94313550"
"320","Tamil Nadu","S.S. Palanimanickam (17th Lok Sabha)","THANJAVUR","98063957.11"
"321","Maharashtra","Sadashiv Kisan Lokhande","SHIRDI(SC)","73563957.11"
"322","Madhya Pradesh","Sadhvi Pragya Singh Thakur (17th Lok Sabha)","BHOPAL","75556747.92999999"
"323","Uttar Pradesh","Sangam Lal Gupta(17th Lok Sabha)","PRATAPGARH","73563957.11"
"324","Karnataka","Sanganna Amarappa Karadi(17th Lok Sabha)","KOPPAL","98063957.11"
"325","Uttar Pradesh","Sangeeta Azad","LALGANJ (SC)","52223874.2"
"326","Uttar Pradesh","Sanghamitra Maurya(17th Lok Sabha)","BADAUN","73563957.11"
"327","Haryana","Sanjay Bhatia","KARNAL","117663957.11"
"328","Maharashtra","Sanjay Haribhau Jadhav(17th Lok Sabha)","PARBHANI","98063957.11"
"329","Bihar","Sanjay Jaiswal","PASCHIM CHAMPARAN","117663957.11"
"330","Telangana","Sanjay Kumar Bandi(17th Lok Sabha)","KARIMNAGAR","154598302"
"331","Maharashtra","Sanjay Sadashivrao Mandlik(17th Lok Sabha)","KOLHAPUR","98063957.11"
"332","Jharkhand","Sanjay Seth","RANCHI","48999600"
"333","Maharashtra","Sanjay Shamrao Dhotre(17th Lok Sabha)","AKOLA","73563957.11"
"334","Maharashtra","Sanjay(Kaka) Ramchandra Patil(17th Lok Sabha)","SANGLI","120568550.11"
"335","Uttar Pradesh","Sanjeev Kumar Balyan(17th Lok Sabha)","MUZAFFARNAGAR","49063957.11"
"336","Bihar","Santosh Kumar","PURNEA","98063957.11"
"337","Uttar Pradesh","Santosh Kumar Gangwar(17th Lok Sabha)","BAREILLY","74535126.79"
"338","Chhattisgarh","Santosh Pandey","RAJNANDGAON","73563957.11"
"339","Odisha","Saptagiri Sankar Ulaka","KORAPUT(ST)","73563957.11"
"340","Punjab","Sardar Simranjit Singh Mann (17th Lok Sabha)","SANGRUR","74106491.11"
"341","Uttar Pradesh","Satya Pal Singh(17TH Lok Sabha)","BAGHPAT","98063957.11"
"342","Uttar Pradesh","Satyadev Pachauri(17th Lok Sabha)","KANPUR","49796577.15"
"343","West Bengal","Saumitra khan","BISHNUPUR(SC)","98063957.11"
"344","Uttar Pradesh","Seyed Tufail Hasan","MORADABAD","49063957.11"
"345","Assam","Sh Teli Rameswar","DIBRUGARH","98063957.11"
"346","Madhya Pradesh","Shankar Lalwani(17th Lok Sabha)","INDORE","73563957.11"
"347","West Bengal","Shatrughan Sinha(17th Lok Sabha)","ASANSOL","73563957.11"
"348","Karnataka","Shivkumar Chanabasappa Udasi(17th Lok Sabha)","HAVERI","98063957.11"
"349","Haryana","Shri  Dharambir Singh (17th Lok Sabha)","BHIWANI MAHENDRAGARH","49063957.11"
"350","Bihar","Shri  Prince Raj (17th Lok Sabha)","SAMASTIPUR(SC)","73563957.11"
"351","Nagaland","Shri  Tokheho (17th Lok Sabha)","NAGALAND","49083445.91"
"352","Assam","Shri Abdul Khaleque (17th Lok Sabha)","BARPETA","98063957.11"
"353","West Bengal","Shri Abhishek Banerjee (17th Lok Sabha)","DIAMOND HARBOUR","73563957.11"
"354","West Bengal","Shri Abu Hasem Khan Choudhury (17th Lok Sabha)","MALDAHA DAKSHIN","147063957.11"
"355","Uttar Pradesh","Shri Ajay (Teni) Misra (17th Lok Sabha)","KHERI","49063957.11"
"356","Uttar Pradesh","Shri Akhilesh Yadav (EX17LS)","AZAMGARH","2098919.19"
"357","Punjab","Shri Amar Singh (17th Lok Sabha)","FATEHGARH SAHIB(SC)","73563957.11"
"358","Madhya Pradesh","Shri Anil Firojiya (17th Lok Sabha)","UJJAIN(SC)","73563957.11"
"359","Jharkhand","Shri Arjun Munda (17th Lok Sabha)","KHUNTI(ST)","73563957.11"
"360","Rajasthan","Shri Arjun Ram Meghwal (17LS)EX","BIKANER(SC)","73500000"
"361","West Bengal","Shri Arjun Singh (17th Lok Sabha)","BARRACKPUR","98063957.11"
"362","Uttar Pradesh","Shri Arun Kumar Sagar (17th Lok Sabha)","SHAHJAHANPUR(SC)","73563957.11"
"363","Karnataka","Shri B Y Raghavendra (17th Lok Sabha)","SHIMOGA","98063957.11"
"364","Maharashtra","Shri Balubhau Narayanrao (Alias Suresh) Dhanorkar (17LS)","CHANDRAPUR","24500000"
"365","Kerala","Shri Benny Behanan (17th Lok Sabha)","CHALAKUDY","82600364"
"366","Odisha","Shri Bhartruhari Mahtab (17th Lok Sabha)","CUTTACK","73563957.11"
"367","Jharkhand","Shri Chandra Prakash Choudhary (17th Lok Sabha)","GIRIDIH","98063957.11"
"368","Odisha","Shri Chandra Sekhar Sahu (17th Lok Sabha)","BERHAMPUR","73563957.11"
"369","West Bengal","Shri Choudhury Mohan Jatua (17th Lok Sabha)","MATHURAPUR(SC)","73563957.11"
"370","West Bengal","Shri Deepak (Dev) Adhikari (17th Lok Sabha)","GHATAL","98063957.11"
"371","West Bengal","Shri Dibyendu Adhikari (17th Lok Sabha)","TAMLUK","98063957.11"
"372","West Bengal","Shri Dilip Ghosh (17th Lok Sabha)","MEDINIPUR","98063957.11"
"373","Bihar","Shri Dulal Chandra Goswami (17th Lok Sabha)","KATIHAR","49063957.11"
"374","Karnataka","Shri DV Sadananda Gowda (17th Lok Sabha)","BANGALORE NORTH","98117835.11"
"375","Maharashtra","Shri Gajanan Chandrakant Kirtikar (17th Lok Sabha)","MUMBAI NORTH WEST","73563957.11"
"376","Karnataka","Shri Gangasandra Siddappa Basavaraj (17th Lok Sabha)","TUMKUR","98063957.11"
"377","Tamil Nadu","Shri Gautham Sigamani Pon (17th Lok Sabha)","KALLAKURICHI","98063957.11"
"378","Maharashtra","Shri Gopal Chinayya Shetty (17th Lok Sabha)","MUMBAI NORTH","73563957.11"
"379","Punjab","Shri Gurjeet Singh Aujla (17th Lok Sabha)","AMRITSAR","50660605.13"
"380","Uttar Pradesh","Shri Haji Fazlur Rehman (17th Lok Sabha)","SAHARANPUR","73563957.11"
"381","Rajasthan","Shri Hanuman Beniwal (17th Lok Sabha)","NAGAUR","98000000"
"382","Uttar Pradesh","Shri Harish Dwivedi (17th Lok Sabha)","BASTI","60487000"
"383","Kerala","Shri Hibi Eden (17th Lok Sabha)","ERNAKULAM","83182179"
"384","Ladakh","Shri Jamyang Tsering Namgyal (17th Lok Sabha)","LADAKH","110436000"
"385","Bihar","Shri Janardan Singh Sigriwal (17th Lok Sabha)","MAHARAJGANJ_BR","117663957.11"
"386","Punjab","Shri Jasbir Singh (17th Lok Sabha)","KHADOOR SAHIB","78393047.11"
"387","Jharkhand","Shri Jayant Sinha (17th Lok Sabha)","HAZARIBAGH","73563957.11"
"388","Odisha","Shri Jual Oram (17th Lok Sabha)","SUNDARGARH (ST)","72530000"
"389","Jammu And Kashmir","Shri Jugal Kishore Sharma (17th Lok Sabha)","JAMMU","73563957.11"
"390","West Bengal","Shri Jyotirmay Singh Mahato (17th Lok Sabha)","PURULIA","117663957.11"
"391","Kerala","Shri K Muraleedharan (17th Lok Sabha)","VADAKARA","98063957.11"
"392","Tamil Nadu","Shri Karti P Chidambaram (17th Lok Sabha)","SIVAGANGA","86014673"
"393","Telangana","Shri Komati Reddy Venkat Reddy (17th Lok Sabha)","BHONGIR","98000000"
"394","Kerala","Shri Kumbakudi Sudhakaran (17th Lok Sabha)","KANNUR","98063957.11"
"395","West Bengal","Shri Kunar Hembram (17th Lok Sabha)","JHARGRAM(ST)","73563957.11"
"396","Uttar Pradesh","Shri Kunwar Danish Ali (17th Lok Sabha)","AMROHA","73563957.11"
"397","Uttar Pradesh","Shri Lallu Singh (17th Lok Sabha)","FAIZABAD","73563957.11"
"398","Manipur","Shri Lorho S Pfoze (17th Lok Sabha)","OUTER MANIPUR(ST)","74051229.11"
"399","Karnataka","Shri LS Tejasvi Surya (17th Lok Sabha)","BANGALORE SOUTH","121943433.11"
"400","Kerala","Shri M K Raghavan (17th Lok Sabha)","KOZHIKODE","98063957.11"
"401","Odisha","Shri Mahesh Sahoo (17th Lok Sabha)","DHENKANAL","65550000"
"402","Telangana","Shri Manne Srinivas Reddy (17th Lok Sabha)","MAHABUBNAGAR","20579635.23"
"403","Maharashtra","Shri Manoj Kotak Kishorbhai (17th Lok Sabha)","MUMBAI NORTH EAST","98063957.11"
"404","Andhra Pradesh","Shri Margani Bharat (17th Lok Sabha)","RAJAHMUNDRY","98063957.11"
"405","Gujarat","Shri Mohanbhai Kalyanji Kundariya (17th Lok Sabha)","RAJKOT","117663957.11"
"406","Andhra Pradesh","Shri N Reddeppa (17th Lok Sabha)","CHITTOOR","98063957.11"
"407","Assam","Shri Naba (Hira) Kumar Sarania (17th Lok Sabha)","KOKRAJHAR (ST)","73563957.11"
"408","Karnataka","Shri Nalin Kumar Kateel (17th Lok Sabha)","DAKSHINA KANNADA","73563957.11"
"409","Uttar Pradesh","Shri Narendra Modi (17th Lok Sabha)","VARANASI","107748201.34"
"410","Kerala","Shri NK Premachandran (17th Lok Sabha)","KOLLAM","49893280"
"411","Rajasthan","Shri PP Chaudhary (17th Lok Sabha)","PALI","100007330.11"
"412","Uttar Pradesh","Shri Rajendra Agrawal (17th Lok Sabha)","MEERUT","73563957.11"
"413","Gujarat","Shri Rajeshbhai Naranbhai Chudasama (17th Lok Sabha)","JUNAGADH","98063957.11"
"414","Kerala","Shri Rajmohan Unnithan (17th Lok Sabha)","KASARAGOD","114925452"
"415","Gujarat","Shri Rameshbhai Lavjibhai Dhaduk (17th Lok Sabha)","PORBANDAR","73563957.11"
"416","Uttar Pradesh","Shri Ritesh Pandey (17th Lok Sabha)","AMBEDKAR NAGAR","73563957.11"
"417","Uttar Pradesh","Shri Satish Kumar Gautam (17th Lok Sabha)","ALIGARH","49063957.11"
"418","Uttar Pradesh","Shri Shafiqur Rahman Barq (17th Lok Sabha)","SAMBHAL","49063957.11"
"419","West Bengal","Shri Shantanu Thakur (17th Lok Sabha)","BANGAON(SC)","98063957.11"
"420","West Bengal","Shri Sisir Kumar Adhikari (17th Lok Sabha)","KANTHI","98063957.11"
"421","Punjab","Shri Som Prakash (17th Lok Sabha)","HOSHIARPUR(SC)","98063957.11"
"422","West Bengal","Shri SS Ahluwalia (17th Lok Sabha)","BARDHAMAN-DURGAPUR","142163957.11"
"423","Rajasthan","Shri Subhash Chandra Baheria (17th Lok Sabha)","BHILWARA","117663957.11"
"424","Madhya Pradesh","Shri Sudheer Gupta (17th Lok Sabha)","MANDSOUR","101180906"
"425","Maharashtra","Shri Sunil Baburao Mendhe (17th Lok Sabha)","BHANDARA-GONDIYA","120224976.21"
"426","Punjab","Shri Sunny Deol (17th Lok Sabha)","GURDASPUR","98063957.11"
"427","Kerala","Shri Suresh Kodikunnil (17th Lok Sabha)","MAVELIKKARA(SC)","82261112"
"428","Arunachal Pradesh","Shri Tapir Gao (17th Lok Sabha)","ARUNACHAL EAST","98063957.11"
"429","Kerala","Shri Thomas Chazhikadan (17th Lok Sabha)","KOTTAYAM","92880335"
"430","Uttar Pradesh","Shri Vinod Kumar Sonkar (17th Lok Sabha)","KAUSHAMBI(SC)","49063957.11"
"431","Maharashtra","Shrikant Eknath Shinde(17th Lok Sabha)","KALYAN","73563957.11"
"432","Maharashtra","Shriniwas Dadasaheb Patil(17th Lok Sabha)","SATARA","117663957.11"
"433","Goa","Shripad Yesso Naik","NORTH GOA","117663957.11"
"434","Maharashtra","Shrirang Appa Barne(17th Lok Sabha)","MAVAL","98063957.11"
"435","Uttar Pradesh","Shyam Singh Yadav (17th Lok Sabha)","JAUNPUR","99105158.11"
"436","Uttar Pradesh","Smriti Irani","AMETHI","98063957.11"
"437","Uttar Pradesh","Smt Anupriya Patel(17th Lok Sabha)","MIRZAPUR","102653138.11"
"438","Odisha","Smt Aparajita  Sarangi","BHUBANESWAR","73200000"
"439","Andhra Pradesh","Smt Chinta Anuradha","AMALAPURAM(SC)","117663957.11"
"440","Gujarat","Smt Darshana Vikram Jardosh","SURAT","73563957.11"
"441","Uttar Pradesh","Smt Dimple Yadav(17th Lok Sabha)","MAINPURI","36185734"
"442","Gujarat","Smt Gitaben Vajesingbhai Rathva (17th Lok Sabha)","CHHOTA UDAIPUR(ST)","73563957.11"
"443","Chhattisgarh","Smt Gomati Sai","RAIGARH(ST)","41127505"
"444","Punjab","Smt Harsimrat Kaur Badal(17th Lok Sabha)","BHATINDA","87079751.8"
"445","Uttar Pradesh","Smt Hema Malini(17th Lok Sabha)","MATHURA","98063957.11"
"446","Madhya Pradesh","Smt Himadri Singh(17th Lok Sabha)","SHAHDOL (ST)","73266916"
"447","Rajasthan","Smt Jaskaur Meena (17th Lok Sabha)","DAUSA(ST)","98063957.11"
"448","Bihar","Smt Kavita Singh","SIWAN","98063957.11"
"449","Telangana","Smt Kavitha Malothu(17th Lok Sabha)","MAHABUBABAD","98063957.11"
"450","Uttar Pradesh","Smt Keshari Devi Patel(17th Lok Sabha)","PHULPUR","97625604.02"
"451","Chandigarh","Smt Kirron Kher","CHANDIGARH","67543311"
"452","Rajasthan","Smt Kumari Diya (17th Lok Sabha)","RAJSAMAND","98000000"
"453","West Bengal","Smt Locket Chatterjee (17th Lok Sabha)","HOOGHLY","98063957.11"
"454","Karnataka","Smt Mangal Suresh Angadi(17th Lok Sabha)","BELGAUM","98063957.11"
"455","Odisha","Smt Manjulata Mandal(17th Lok Sabha)","BHADRAK(SC)","49975952.4"
"456","Maharashtra","Smt Navneet Ravi Rana(17th Lok Sabha)","AMRAVATI(SC)","73563957.11"
"457","Maharashtra","Smt Poonam Mahajan (17th Lok Sabha)","MUMBAI NORTH-CENTRAL","73563957.11"
"458","Gujarat","Smt Poonamben Hematbhai Maadam","JAMNAGAR","123829579.09"
"459","Odisha","Smt Pramila Bisoyi (17th Lok Sabha)","ASKA","73563957.11"
"460","Himachal Pradesh","Smt Pratibha Singh","MANDI","73563957.11"
"461","Punjab","Smt Preneet Kaur (17th Lok Sabha)","PATIALA","98692329.04"
"462","Odisha","Smt Rajashree Mallick (17th Lok Sabha)","JAGATSINGHPUR(SC)","98063957.11"
"463","Maharashtra","Smt Raksha Nikhil Khadse(17th Lok Sabha)","RAVER","93329539"
"464","Bihar","Smt Rama Devi","SHEOHAR","73563957.11"
"465","Kerala","Smt Ramya Haridas (17th Lok Sabha)","ALATHUR(SC)","98063957.11"
"466","Gujarat","Smt Ranjanben Dhananjay Bhatt(17th Lok Sabha)","VADODARA","73573957.11"
"467","Rajasthan","Smt Ranjeeta Koli(17th Lok Sabha)","BHARATPUR(SC)","98063957.11"
"468","Uttar Pradesh","Smt Rekha Arun Verma (17th Lok Sabha)","DHAURAHRA","49063957.11"
"469","Chhattisgarh","Smt Renuka Singh Saruta","SARGUJA(ST)","73500000"
"470","Madhya Pradesh","Smt Riti Pathak (17th Lok Sabha)","SIDHI","2229890"
"471","Tamil Nadu","Smt S Jothimani(17th Lok Sabha)","KARUR","73563957.11"
"472","West Bengal","Smt Sajda Ahmed(17th Lok Sabha)","ULUBERIA","73563957.11"
"473","Madhya Pradesh","Smt Sandhya Ray(17th Lok Sabha)","BHIND(SC)","85482411.71"
"474","Odisha","Smt Sangeeta Kumari Singh Deo (17th Lok Sabha)","BOLANGIR","117663957.11"
"475","Odisha","Smt Sarmistha Sethi(17th Lok Sabha)","JAJPUR(SC)","73499340"
"476","West Bengal","Smt Satabdi Roy (Banerjee) (17th Lok Sabha)","BIRBHUM","73563957.11"
"477","Gujarat","Smt Shardaben Anilbhai Patel","MAHESANA","98063957.11"
"478","Karnataka","Smt Sumalatha Ambareesh(17th Lok Sabha)","MANDYA","73563957.11"
"479","Maharashtra","Smt Supriya Sadanand Sule(17th Lok Sabha)","BARAMATI","73563957.11"
"480","Bihar","Smt Veena Devi (17th Lok Sabha)","VAISHALI","117663957.11"
"481","Uttar Pradesh","Smt. Sonia Gandhi (2019-24)","RAE BARELI","127225854.82"
"482","Telangana","Soyam Babu Rao","ADILABAD(ST)","130343634.86"
"483","Tamil Nadu","SR Parthiban(17th Lok Sabha)","SALEM","73563957.11"
"484","Andhra Pradesh","Srinivas Kesineni","VIJAYAWADA","63789468"
"485","Tamil Nadu","Su Thirunavukkarasar(17th Lok Sabha)","TIRUCHIRAPPALLI","73563957.11"
"486","Maharashtra","Subhash Ramrao Bhamre","DHULE","73563957.11"
"487","West Bengal","Subhash Sarkar (17th Lok Sabha)","BANKURA","141416584.8"
"488","Uttar Pradesh","Subrata Pathak(17th Lok Sabha)","KANNAUJ","73983013.11"
"489","Jharkhand","Sudarshan Bhagat (17th Lok Sabha)","LOHARDAGA(ST)","48742000"
"490","Maharashtra","Sudhakar Tukaram Shrangre(17th Lok Sabha)","LATUR(SC)","73563957.11"
"491","West Bengal","Sudip Bandyopadhyay (17th Lok Sabha)","KOLKATA UTTAR","98063957.11"
"492","Maharashtra","Sujay Radhakrishna Vikhepatil(17th Lok Sabha)","AHMEDNAGAR","73563957.11"
"493","Punjab","Sukhbir Singh Badal(17th Lok Sabha)","FIROZPUR","75113991.5"
"494","Rajasthan","Sukhbir Singh Jaunapuria(17th Lok Sabha)","TONK-SAWAI MADHOPUR","98063957.11"
"495","Rajasthan","Sumedhanand Saraswati(17th Lok Sabha)","SIKAR","54872413"
"496","Maharashtra","Sunil Dattatray Tatkare(17th Lok Sabha)","RAIGAD","98063957.11"
"497","Bihar","Sunil Kumar","VALMIKI NAGAR","73563957.11"
"498","West Bengal","Sunil Kumar Mondal (17th Lok Sabha)","BARDHAMAN PURBA(SC)","98063957.11"
"499","Bihar","Sunil Kumar Pintu","SITAMARHI","96767761"
"500","Jharkhand","Sunil Kumar Singh","CHATRA","73563957.11"
"501","Chhattisgarh","Sunil Kumar Soni","RAIPUR","94456713"
"502","Jharkhand","Sunil Soren","DUMKA(ST)","97699860"
"503","Haryana","Sunita Duggal(17TH Lok Sabha)","SIRSA(SC)","73563957.11"
"504","Himachal Pradesh","Suresh Kumar Kashyap","SHIMLA (SC)","67691000"
"505","Odisha","Suresh Pujari(17th Lok Sabha)","BARGARH","73563957.11"
"506","Punjab","Sushil Kumar Rinku (17th Lok Sabha)","JALANDHAR(SC)","49063957.11"
"507","Bihar","Sushil Kumar Singh","AURANGABAD_BR","117663957.11"
"508","Uttar Pradesh","Swami Sachchidanandhari Sakshi ji Maharaj","UNNAO","102347625.03999999"
"509","Maharashtra","Syed Imtiaz Jaleel(17th Lok Sabha)","AURANGABAD_MH","73563957.11"
"510","Kerala","T N Prathapan(17th Lok Sabha)","THRISSUR","98063957.11"
"511","Tamil Nadu","T R Paarivendhar(17th Lok Sabha)","PERAMBALUR","98063957.11"
"512","Tamil Nadu","T Sumathy (A) Thamizhachi Thangapandian","CHENNAI SOUTH","147063957.11"
"513","Andhra Pradesh","Talari Rangaiah","ANANTAPUR","134784337"
"514","Tamil Nadu","Thalikkottai Rajuthevar Baalu(17th Lok Sabha)","SRIPERUMBUDUR","92267251"
"515","Tamil Nadu","Thiru Dayanidhi Maran (17th Lok Sabha)","CHENNAI CENTRAL","98063957.11"
"516","Tamil Nadu","Thirumaa Valavan Thol(17th Lok Sabha)","CHIDAMBARAM(SC)","73563957.11"
"517","Uttarakhand","Tirath Singh Rawat(17th Lok Sabha)","GARHWAL","98923946.31"
"518","Assam","Topon Kumar Gogoi","JORHAT","98063957.11"
"519","Tamil Nadu","TRVS Ramesh(17th Lok Sabha)","CUDDALORE","73563957.11"
"520","Madhya Pradesh","Uday Pratap Singh(17th Lok Sabha)","HOSHANGABAD","77707605.21"
"521","Maharashtra","Unmesh Bhaiyyasaheb Patil(17th Lok Sabha)","JALGAON","96956584"
"522","Uttar Pradesh","Upendra Singh Rawat(17th Lok Sabha)","BARABANKI(SC)","72365787"
"523","Telangana","Uttam Kumar Nalamada Reddy(17th Lok Sabha)","NALGONDA","109602050"
"524","Karnataka","V Srinivas Prasad(17th Lok Sabha)","CHAMARAJANAGAR(SC)","73563957.11"
"525","Puducherry","Vaithilingam Ve(17th Lok Sabha)","Puducherry","78857245"
"526","Andhra Pradesh","Vanga Geetha Viswanath (17th Lok Sabha)","KAKINADA","69918685.35"
"527","Kerala","Vellalath Kochukrishnan Nair Sreekandan","PALAKKAD","85962727"
"528","Telangana","Venkatesh Netha Borlakunta","PEDDAPALLE","108548718"
"529","Chhattisgarh","Vijay Baghel","DURG","73563957.11"
"530","Bihar","vijay kumar","GAYA (SC)","73563957.11"
"531","Uttar Pradesh","Vijay Kumar Dubey(17th Lok Sabha)","KUSHI NAGAR","47163957.11"
"532","Jharkhand","Vijay Kumar Hansdak","RAJMAHAL(ST)","122340000"
"533","Tamil Nadu","vijayakumar Vasanth","KANNIYAKUMARI","98063957.11"
"534","Maharashtra","Vinayak Bhaurao Raut(17th Lok Sabha)","RATNAGIRI-SINDHUDURG","73563957.11"
"535","Meghalaya","Vincent H Pala(17th Lok Sabha)","SHILLONG","80709278.66"
"536","Gujarat","Vinod Chavda(17th Lok Sabha)","KACHCHH(SC)","73563957.11"
"537","Madhya Pradesh","Virendra Kumar(17th Lok Sabha)","TIKAMGARH(SC)","82223183.49"
"538","Uttar Pradesh","Virendra Singh(17th Lok Sabha)","BALLIA","94917938"
"539","Jharkhand","Vishnu Dayal Ram","PALAMU(SC)","63145484"
"540","Madhya Pradesh","Vishnu Dutt Sharma","KHAJURAHO","105541100.11"
"541","Madhya Pradesh","Vivek Narayan Shejwalkar(17th Lok Sabha)","GWALIOR","80688857"
"542","Karnataka","Y Devendrappa(17th Lok Sabha)","BELLARY(ST)","98063957.11"
"543","Andhra Pradesh","Y S Avinash Reddy","KADAPA","100834247"
"Grand Total"," "," "," ","47,58,88,87,166.81"